stage,computation_time_ms
0,68.63570213317871
1,63.99965286254883
2,69.56291198730469
3,73.06289672851562
